last_name, first_name,player_id,year,player_age,sprint_speed,
Hunter, Torii,116338,2015,39,26.5,
Ortiz, David,120074,2015,39,22.8,
Rodriguez, Alex,121347,2015,39,23.9,
Ramirez, Aramis,133380,2015,37,24.3,
Beltre, Adrian,134181,2015,36,26.4,
Beltran, Carlos,136860,2015,38,25.5,
Rollins, Jimmy,276519,2015,36,27.0,
Pujols, Albert,405395,2015,35,23.3,
Byrd, Marlon,407781,2015,37,28.0,
Mauer, Joe,408045,2015,32,26.5,
Cabrera, Miguel,408234,2015,32,24.0,
Gonzalez, Adrian,408236,2015,33,23.9,
Phillips, Brandon,408252,2015,34,25.8,
Reyes, Jose,408314,2015,32,27.5,
Peralta, Jhonny,425509,2015,33,25.9,
Choo, Shin-Soo,425783,2015,32,27.0,
Molina, Yadier,425877,2015,32,23.3,
Fielder, Prince,425902,2015,31,24.8,
Cano, Robinson,429664,2015,32,24.5,
Encarnacion, Edwin,429665,2015,32,25.0,
Howard, Ryan,429667,2015,35,24.2,
Bautista, Jose,430832,2015,34,25.6,
Jones, Adam,430945,2015,29,28.1,
Aybar, Erick,430947,2015,31,27.9,
Martin, Russell,431145,2015,32,26.2,
Granderson, Curtis,434158,2015,34,27.7,
Pagan, Angel,434636,2015,33,28.2,
Morales, Kendrys,434778,2015,32,24.3,
Kinsler, Ian,435079,2015,33,26.9,
McCann, Brian,435263,2015,31,23.2,
Walker, Neil,435522,2015,29,26.2,
Desmond, Ian,435622,2015,29,28.7,
Cruz Jr., Nelson,443558,2015,34,26.1,
Trumbo, Mark,444432,2015,29,27.2,
Peralta, David,444482,2015,27,27.7,
Escobar, Alcides,444876,2015,28,27.4,
Prado, Martin,445988,2015,31,26.9,
Duda, Lucas,446263,2015,29,25.2,
Longoria, Evan,446334,2015,29,27.4,
Davis, Chris,448801,2015,29,27.0,
Zobrist, Ben,450314,2015,34,27.2,
Fowler, Dexter,451594,2015,29,28.4,
Headley, Chase,452104,2015,31,25.6,
Lind, Adam,452252,2015,31,23.9,
Cabrera, Asdrubal,452678,2015,29,26.6,
Tulowitzki, Troy,453064,2015,30,26.2,
Blackmon, Charlie,453568,2015,28,27.9,
Frazier, Todd,453943,2015,29,25.8,
Markakis, Nick,455976,2015,31,25.4,
Butler, Billy,456714,2015,29,23.6,
Cain, Lorenzo,456715,2015,29,29.0,
McCutchen, Andrew,457705,2015,28,28.5,
Jackson, Austin,457706,2015,28,28.2,
Upton, Justin,457708,2015,27,28.0,
Maybin, Cameron,457727,2015,28,29.1,
Posey III, Buster,457763,2015,28,25.2,
Bruce, Jay,457803,2015,28,25.9,
Votto, Joey,458015,2015,31,25.4,
Coghlan, Chris,458085,2015,30,26.5,
Gardner, Brett,458731,2015,31,28.8,
Braun, Ryan,460075,2015,31,27.3,
Moss, Brandon,461235,2015,31,26.8,
Kemp, Matt,461314,2015,30,25.9,
Plouffe, Trevor,461858,2015,29,26.3,
Andrus, Elvis,462101,2015,26,27.7,
Cervelli, Francisco,465041,2015,29,26.1,
Cabrera, Melky,466320,2015,30,25.8,
Sandoval, Pablo,467055,2015,28,24.7,
Ramos, Wilson,467092,2015,27,23.9,
Santana, Carlos,467793,2015,29,25.5,
Parra, Gerardo,467827,2015,28,26.6,
Gonzalez, Carlos,471865,2015,29,26.4,
Belt, Brandon,474832,2015,27,26.8,
Brantley Jr., Michael,488726,2015,28,25.9,
Escobar, Yunel,488862,2015,32,25.6,
Morrison, Logan,489149,2015,27,26.5,
Cespedes, Yoenis,493316,2015,29,28.4,
Ramirez, Alexei,493351,2015,33,26.5,
Solarte, Yangervis,500208,2015,27,25.3,
Martinez, J.D.,502110,2015,27,27.9,
Reddick, Josh,502210,2015,28,27.8,
Murphy, Daniel,502517,2015,30,25.7,
Goldschmidt, Paul,502671,2015,27,27.4,
Altuve, Jose,514888,2015,25,28.5,
Segura, Jean,516416,2015,25,28.7,
Castro, Starlin,516770,2015,25,27.5,
Marte, Starling,516782,2015,26,29.6,
Donaldson, Josh,518626,2015,29,26.6,
Heyward, Jason,518792,2015,25,27.3,
LeMahieu, DJ,518934,2015,26,27.2,
Moreland, Mitch,519048,2015,29,24.8,
Moustakas, Mike,519058,2015,26,25.6,
Norris, Derek,519083,2015,26,28.0,
Revere, Ben,519184,2015,27,28.4,
Rizzo, Anthony,519203,2015,25,26.0,
Vogt, Stephen,519390,2015,30,26.0,
Galvis, Freddy,520471,2015,25,27.2,
Perez, Salvador,521692,2015,25,25.5,
Forsythe, Logan,523253,2015,28,28.4,
Flores, Wilmer,527038,2015,23,25.8,
Garcia, Avisail,541645,2015,24,29.1,
Inciarte, Ender,542255,2015,24,28.0,
Burns, Billy,542993,2015,25,29.1,
Crawford, Brandon,543063,2015,28,26.8,
Giavotella, Johnny,543213,2015,27,28.0,
Gose, Anthony,543238,2015,24,28.3,
Hosmer, Eric,543333,2015,25,27.1,
Kipnis, Jason,543401,2015,28,27.3,
Lawrie, Brett,543434,2015,25,29.6,
Semien, Marcus,543760,2015,24,28.9,
Strange-Gordon, Dee,543829,2015,27,29.0,
Wong, Kolten,543939,2015,24,27.5,
Gregorius, Didi,544369,2015,25,28.4,
Trout, Mike,545361,2015,23,29.7,
Herrera, Odubel,546318,2015,23,27.9,
Harper, Bryce,547180,2015,22,27.7,
Abreu, Jose,547989,2015,28,25.6,
Polanco, Gregory,570256,2015,23,28.5,
Arenado, Nolan,571448,2015,24,26.1,
Holt, Brock,571788,2015,27,28.6,
Owings, Chris,572008,2015,23,28.6,
Pollock, AJ,572041,2015,27,29.0,
Seager, Kyle,572122,2015,27,26.0,
Taylor, Michael A.,572191,2015,24,28.8,
Carpenter, Matt,572761,2015,29,27.0,
Dozier, Brian,572821,2015,28,27.8,
Bryant, Kris,592178,2015,23,28.6,
Castellanos, Nick,592206,2015,23,26.5,
Machado, Manny,592518,2015,22,27.4,
Pederson, Joc,592626,2015,23,27.1,
Simmons, Andrelton,592743,2015,25,27.0,
Yelich, Christian,592885,2015,23,28.7,
Bogaerts, Xander,593428,2015,22,28.3,
Calhoun, Kole,594777,2015,27,26.5,
Eaton, Adam,594809,2015,26,28.9,
Gattis, Evan,594828,2015,28,27.4,
Kiermaier, Kevin,595281,2015,25,29.7,
Betts, Mookie,605141,2015,22,28.7,
Peterson, Jace,607054,2015,25,28.5,
Pillar, Kevin,607680,2015,26,28.7,
Russell, Addison,608365,2015,21,28.0,
Duffy, Matt,622110,2015,24,28.2,
Ortiz, David,120074,2016,40,23.5,
Beltre, Adrian,134181,2016,37,25.9,
Beltran, Carlos,136860,2016,39,25.7,
Werth, Jayson,150029,2016,37,25.7,
Martinez, Victor,400121,2016,37,22.5,
Utley, Chase,400284,2016,37,27.4,
Pujols, Albert,405395,2016,36,22.6,
Mauer, Joe,408045,2016,33,26.4,
Cabrera, Miguel,408234,2016,33,24.3,
Gonzalez, Adrian,408236,2016,34,24.0,
Phillips, Brandon,408252,2016,35,26.0,
Upton Jr., B.J.,425834,2016,31,28.2,
Molina, Yadier,425877,2016,33,23.6,
Cano, Robinson,429664,2016,33,24.7,
Encarnacion, Edwin,429665,2016,33,25.1,
Bautista, Jose,430832,2016,35,25.3,
Jones, Adam,430945,2016,30,28.0,
Martin, Russell,431145,2016,33,25.3,
Granderson, Curtis,434158,2016,35,27.3,
Pagan, Angel,434636,2016,34,27.7,
Ramirez, Hanley,434670,2016,32,26.8,
Morales, Kendrys,434778,2016,33,24.2,
Kendrick III, Howie,435062,2016,32,26.7,
Napoli, Mike,435063,2016,34,24.7,
Kinsler, Ian,435079,2016,34,26.8,
Desmond, Ian,435622,2016,30,28.6,
Cruz Jr., Nelson,443558,2016,35,26.1,
Trumbo, Mark,444432,2016,30,27.0,
Escobar, Alcides,444876,2016,29,27.5,
Prado, Martin,445988,2016,32,26.6,
Longoria, Evan,446334,2016,30,27.4,
Cozart, Zack,446359,2016,30,25.9,
Davis, Chris,448801,2016,30,26.5,
Zobrist, Ben,450314,2016,35,27.3,
Fowler, Dexter,451594,2016,30,28.2,
Headley, Chase,452104,2016,32,25.7,
Span, Denard,452655,2016,32,27.9,
Cabrera, Asdrubal,452678,2016,30,25.5,
Ellsbury, Jacoby,453056,2016,32,27.9,
Tulowitzki, Troy,453064,2016,31,25.5,
Blackmon, Charlie,453568,2016,29,27.7,
Frazier, Todd,453943,2016,30,26.2,
Markakis, Nick,455976,2016,32,25.4,
Pedroia, Dustin,456030,2016,32,26.6,
Nunez, Eduardo,456488,2016,29,28.0,
McCutchen, Andrew,457705,2016,29,29.1,
Upton, Justin,457708,2016,28,27.3,
Turner, Justin,457759,2016,31,26.1,
Posey III, Buster,457763,2016,29,25.1,
Espinosa, Danny,457787,2016,29,27.7,
Bruce, Jay,457803,2016,29,26.8,
Votto, Joey,458015,2016,32,24.9,
Gardner, Brett,458731,2016,32,28.7,
Saunders, Michael,459431,2016,29,26.8,
Braun, Ryan,460075,2016,32,27.4,
Gordon, Alex,460086,2016,32,26.2,
Kemp, Matt,461314,2016,31,25.3,
Andrus, Elvis,462101,2016,27,27.5,
Cabrera, Melky,466320,2016,31,25.5,
Ramos, Wilson,467092,2016,28,24.0,
Santana, Carlos,467793,2016,30,25.8,
Gonzalez, Carlos,471865,2016,30,27.1,
Mercer, Jordy,474568,2016,29,27.6,
Belt, Brandon,474832,2016,28,26.3,
Carter, Chris,474892,2016,29,26.6,
Alonso, Yonder,475174,2016,29,24.5,
Escobar, Yunel,488862,2016,33,25.5,
Cespedes, Yoenis,493316,2016,30,27.1,
Ramirez, Alexei,493351,2016,34,26.5,
Davis, Khris,501981,2016,28,27.1,
Martinez, J.D.,502110,2016,28,27.0,
Valencia, Danny,502143,2016,31,26.9,
Murphy, Daniel,502517,2016,31,26.5,
Goldschmidt, Paul,502671,2016,28,27.4,
Gonzalez, Marwin,503556,2016,27,26.5,
Altuve, Jose,514888,2016,26,28.4,
Hernandez, Cesar,514917,2016,26,29.6,
Segura, Jean,516416,2016,26,28.3,
Castro, Starlin,516770,2016,26,27.5,
Marte, Starling,516782,2016,27,28.9,
Donaldson, Josh,518626,2016,30,27.1,
Freeman, Freddie,518692,2016,26,26.3,
Heyward, Jason,518792,2016,26,27.7,
LeMahieu, DJ,518934,2016,27,27.2,
Lucroy, Jonathan,518960,2016,30,25.5,
Moreland, Mitch,519048,2016,30,25.6,
Rizzo, Anthony,519203,2016,26,25.9,
Vogt, Stephen,519390,2016,31,26.0,
Galvis, Freddy,520471,2016,26,27.6,
Perez, Salvador,521692,2016,26,25.9,
Forsythe, Logan,523253,2016,29,27.7,
Inciarte, Ender,542255,2016,25,27.8,
Ozuna, Marcell,542303,2016,25,28.0,
Villar, Jonathan,542340,2016,25,28.0,
Crawford, Brandon,543063,2016,29,26.6,
Harrison, Josh,543281,2016,28,27.9,
Hosmer, Eric,543333,2016,26,26.2,
Kipnis, Jason,543401,2016,29,27.3,
Miller, Brad,543543,2016,26,27.8,
Rendon, Anthony,543685,2016,26,28.1,
Semien, Marcus,543760,2016,25,28.4,
Shaw, Travis,543768,2016,26,26.2,
Springer III, George,543807,2016,26,28.4,
Gregorius, Didi,544369,2016,26,28.1,
Trout, Mike,545361,2016,24,29.0,
Herrera, Odubel,546318,2016,24,27.3,
Harper, Bryce,547180,2016,23,27.2,
Martin, Leonys,547982,2016,28,27.3,
Abreu, Jose,547989,2016,29,25.6,
Suarez, Eugenio,553993,2016,24,27.4,
Polanco, Gregory,570256,2016,24,27.2,
Schoop, Jonathan,570731,2016,24,27.5,
Arenado, Nolan,571448,2016,25,26.2,
Gennett, Scooter,571697,2016,26,25.4,
Lamb, Jake,571875,2016,25,27.2,
Myers, Wil,571976,2016,25,28.0,
Piscotty, Stephen,572039,2016,25,27.3,
Seager, Kyle,572122,2016,28,25.5,
Carpenter, Matt,572761,2016,30,26.6,
Dickerson, Corey,572816,2016,27,27.4,
Dozier, Brian,572821,2016,29,27.8,
Iglesias, Jose,578428,2016,26,28.5,
Hechavarria, Adeiny,588751,2016,27,27.6,
Bryant, Kris,592178,2016,24,28.6,
Machado, Manny,592518,2016,23,26.1,
Realmuto, J.T.,592663,2016,25,28.8,
Yelich, Christian,592885,2016,24,28.9,
Bogaerts, Xander,593428,2016,23,28.4,
Calhoun, Kole,594777,2016,28,26.0,
Duvall, Adam,594807,2016,27,28.4,
Eaton, Adam,594809,2016,27,28.3,
Lindor, Francisco,596019,2016,22,27.0,
Odor, Rougned,596059,2016,22,27.7,
Cuthbert, Cheslor,596144,2016,23,26.7,
Franco, Maikel,596748,2016,23,26.0,
Bradley Jr., Jackie,598265,2016,26,27.4,
Betts, Mookie,605141,2016,23,28.0,
Panik, Joe,605412,2016,25,26.3,
Pillar, Kevin,607680,2016,27,28.1,
Ramirez, Jose,608070,2016,23,27.9,
Russell, Addison,608365,2016,22,28.5,
Seager, Corey,608369,2016,22,26.6,
Mazara, Nomar,608577,2016,21,26.9,
Garcia, Adonis,611177,2016,31,26.4,
Correa, Carlos,621043,2016,21,28.1,
Tomas, Yasmany,630111,2016,25,27.0,
Beltran, Carlos,136860,2017,40,25.3,
Pujols, Albert,405395,2017,37,21.8,
Mauer, Joe,408045,2017,34,26.1,
Cabrera, Miguel,408234,2017,34,24.8,
Phillips, Brandon,408252,2017,36,25.9,
Reyes, Jose,408314,2017,34,27.4,
Choo, Shin-Soo,425783,2017,34,26.2,
Molina, Yadier,425877,2017,34,23.7,
Cano, Robinson,429664,2017,34,24.1,
Encarnacion, Edwin,429665,2017,34,24.4,
Bautista, Jose,430832,2017,36,25.5,
Jones, Adam,430945,2017,31,27.0,
Granderson, Curtis,434158,2017,36,26.9,
Ramirez, Hanley,434670,2017,33,26.1,
Morales, Kendrys,434778,2017,34,23.4,
Kinsler, Ian,435079,2017,35,26.9,
Cruz Jr., Nelson,443558,2017,36,25.5,
Trumbo, Mark,444432,2017,31,26.5,
Peralta, David,444482,2017,29,27.4,
Escobar, Alcides,444876,2017,30,27.6,
Longoria, Evan,446334,2017,31,27.1,
Cozart, Zack,446359,2017,31,25.9,
Reynolds, Mark,448602,2017,33,24.5,
Davis, Chris,448801,2017,31,25.1,
Headley, Chase,452104,2017,33,25.3,
Pence, Hunter,452254,2017,34,28.6,
Span, Denard,452655,2017,33,27.5,
Cabrera, Asdrubal,452678,2017,31,25.2,
Blackmon, Charlie,453568,2017,30,28.2,
Frazier, Todd,453943,2017,31,26.6,
Markakis, Nick,455976,2017,33,25.9,
Cain, Lorenzo,456715,2017,31,28.7,
McCutchen, Andrew,457705,2017,30,28.8,
Upton, Justin,457708,2017,29,28.3,
Turner, Justin,457759,2017,32,25.3,
Posey III, Buster,457763,2017,30,24.5,
Bruce, Jay,457803,2017,30,26.3,
Votto, Joey,458015,2017,33,24.9,
Gardner, Brett,458731,2017,33,28.8,
Joyce, Matt,459964,2017,32,26.5,
Gordon, Alex,460086,2017,33,26.2,
Andrus, Elvis,462101,2017,28,27.3,
Cabrera, Melky,466320,2017,32,26.2,
Santana, Carlos,467793,2017,31,26.0,
Gonzalez, Carlos,471865,2017,31,26.9,
Mercer, Jordy,474568,2017,30,27.5,
Alonso, Yonder,475174,2017,30,24.6,
Smoak, Justin,475253,2017,30,24.0,
Zimmerman, Ryan,475582,2017,32,26.8,
Lowrie, Jed,476704,2017,33,26.6,
Morrison, Logan,489149,2017,29,26.7,
Gurriel, Yuli,493329,2017,33,26.9,
Solarte, Yangervis,500208,2017,29,24.7,
Freese, David,501896,2017,34,26.0,
Davis, Khris,501981,2017,29,26.5,
Pham, Tommy,502054,2017,29,28.7,
Reddick, Josh,502210,2017,30,27.7,
Murphy, Daniel,502517,2017,32,26.2,
Goldschmidt, Paul,502671,2017,29,26.8,
Gonzalez, Marwin,503556,2017,28,26.7,
Altuve, Jose,514888,2017,27,28.4,
Hernandez, Cesar,514917,2017,27,29.4,
Segura, Jean,516416,2017,27,27.0,
Freeman, Freddie,518692,2017,27,26.5,
LeMahieu, DJ,518934,2017,28,27.1,
Moreland, Mitch,519048,2017,31,25.6,
Moustakas, Mike,519058,2017,28,23.8,
Rizzo, Anthony,519203,2017,27,25.7,
Souza Jr., Steven,519306,2017,28,29.0,
Stanton, Giancarlo,519317,2017,27,27.8,
Thames, Eric,519346,2017,30,27.2,
Galvis, Freddy,520471,2017,27,27.3,
Garcia, Avisail,541645,2017,26,29.1,
Inciarte, Ender,542255,2017,26,27.1,
Ozuna, Marcell,542303,2017,26,27.8,
Beckham, Tim,542921,2017,27,28.1,
Crawford, Brandon,543063,2017,30,25.9,
Harrison, Josh,543281,2017,29,27.6,
Hosmer, Eric,543333,2017,27,27.1,
Rendon, Anthony,543685,2017,27,27.5,
Shaw, Travis,543768,2017,27,25.6,
Springer III, George,543807,2017,27,28.0,
Strange-Gordon, Dee,543829,2017,29,29.4,
Gregorius, Didi,544369,2017,27,28.2,
Trout, Mike,545361,2017,25,29.4,
Herrera, Odubel,546318,2017,25,27.3,
Abreu, Jose,547989,2017,30,26.8,
Suarez, Eugenio,553993,2017,25,26.9,
Santana, Domingo,570267,2017,24,27.2,
Sanchez, Yolmer,570560,2017,25,28.5,
Schoop, Jonathan,570731,2017,25,27.6,
Arenado, Nolan,571448,2017,26,25.6,
Hamilton, Billy,571740,2017,26,30.2,
Joseph, Tommy,571830,2017,25,25.3,
Lamb, Jake,571875,2017,26,26.9,
Myers, Wil,571976,2017,26,28.6,
Seager, Kyle,572122,2017,29,26.0,
Carpenter, Matt,572761,2017,31,26.6,
Dickerson, Corey,572816,2017,28,27.6,
Dozier, Brian,572821,2017,30,27.1,
Bryant, Kris,592178,2017,25,28.9,
Castellanos, Nick,592206,2017,25,28.1,
Gamel, Ben,592325,2017,25,28.4,
Healy, Ryon,592387,2017,25,26.6,
Judge, Aaron,592450,2017,25,28.0,
Machado, Manny,592518,2017,24,26.2,
Realmuto, J.T.,592663,2017,26,28.6,
Rosario, Eddie,592696,2017,25,27.5,
Simmons, Andrelton,592743,2017,27,27.5,
Yelich, Christian,592885,2017,25,28.3,
Merrifield, Whit,593160,2017,28,29.2,
Bogaerts, Xander,593428,2017,24,28.3,
Polanco, Jorge,593871,2017,23,28.5,
Calhoun, Kole,594777,2017,29,26.4,
Duvall, Adam,594807,2017,28,27.9,
Schebler, Scott,594988,2017,26,28.3,
Baez, Javier,595879,2017,24,28.5,
Lindor, Francisco,596019,2017,23,28.0,
Odor, Rougned,596059,2017,23,28.1,
Story, Trevor,596115,2017,24,29.3,
Sanchez, Gary,596142,2017,24,26.0,
Kepler, Max,596146,2017,24,28.0,
Franco, Maikel,596748,2017,24,26.0,
Bradley Jr., Jackie,598265,2017,27,27.5,
Bell, Josh,605137,2017,24,27.2,
Betts, Mookie,605141,2017,24,27.9,
Panik, Joe,605412,2017,26,26.0,
Arcia, Orlando,606115,2017,22,27.3,
Peraza, Jose,606299,2017,23,28.9,
Pillar, Kevin,607680,2017,28,27.8,
Ramirez, Jose,608070,2017,24,28.0,
Bregman, Alex,608324,2017,23,27.6,
Gallo, Joey,608336,2017,23,27.9,
Seager, Corey,608369,2017,23,26.9,
Mazara, Nomar,608577,2017,22,27.0,
Swanson, Dansby,621020,2017,23,28.7,
Taylor, Chris,621035,2017,26,29.0,
Buxton, Byron,621439,2017,23,30.6,
Margot, Manuel,622534,2017,22,29.4,
Puig, Yasiel,624577,2017,26,28.1,
Anderson, Tim,641313,2017,24,28.8,
Bellinger, Cody,641355,2017,21,28.9,
Mancini III, Trey,641820,2017,25,27.6,
Benintendi, Andrew,643217,2017,22,28.3,
Martinez, Victor,400121,2018,39,23.2,
Mauer, Joe,408045,2018,35,26.0,
Choo, Shin-Soo,425783,2018,35,26.0,
Molina, Yadier,425877,2018,35,22.8,
Encarnacion, Edwin,429665,2018,35,24.3,
Jones, Adam,430945,2018,32,26.7,
Kinsler, Ian,435079,2018,36,26.6,
Desmond, Ian,435622,2018,32,28.1,
Cruz Jr., Nelson,443558,2018,37,24.9,
Peralta, David,444482,2018,30,27.3,
Escobar, Alcides,444876,2018,31,27.6,
Jay, Jon,445055,2018,33,26.0,
Longoria, Evan,446334,2018,32,26.9,
Davis, Chris,448801,2018,32,25.5,
Zobrist, Ben,450314,2018,37,26.7,
Cabrera, Asdrubal,452678,2018,32,25.4,
Blackmon, Charlie,453568,2018,31,27.6,
Markakis, Nick,455976,2018,34,26.4,
Nunez, Eduardo,456488,2018,31,27.5,
Cain, Lorenzo,456715,2018,32,28.6,
McCutchen, Andrew,457705,2018,31,28.7,
Upton, Justin,457708,2018,30,27.9,
Votto, Joey,458015,2018,34,25.3,
Gardner, Brett,458731,2018,34,29.2,
Gordon, Alex,460086,2018,34,25.5,
Kemp, Matt,461314,2018,33,26.3,
Santana, Carlos,467793,2018,32,26.0,
Gonzalez, Carlos,471865,2018,32,27.5,
Alonso, Yonder,475174,2018,31,23.3,
Smoak, Justin,475253,2018,31,23.7,
Lowrie, Jed,476704,2018,34,26.6,
Brantley Jr., Michael,488726,2018,31,26.0,
Gurriel, Yuli,493329,2018,34,27.6,
Solarte, Yangervis,500208,2018,30,24.7,
Rojas, Miguel,500743,2018,29,26.5,
Escobar, Eduardo,500871,2018,29,27.9,
Martinez, Jose,500874,2018,29,26.5,
Davis, Khris,501981,2018,30,26.1,
Pham, Tommy,502054,2018,30,28.7,
Martinez, J.D.,502110,2018,30,26.7,
Goldschmidt, Paul,502671,2018,30,26.8,
Gonzalez, Marwin,503556,2018,29,26.4,
Altuve, Jose,514888,2018,28,28.1,
Hernandez, Cesar,514917,2018,28,29.2,
Segura, Jean,516416,2018,28,27.9,
Castro, Starlin,516770,2018,28,27.4,
Marte, Starling,516782,2018,29,28.6,
Dietrich, Derek,518618,2018,28,26.8,
Freeman, Freddie,518692,2018,28,26.7,
Grandal, Yasmani,518735,2018,29,24.5,
LeMahieu, DJ,518934,2018,29,27.2,
Moustakas, Mike,519058,2018,29,25.7,
Rizzo, Anthony,519203,2018,28,25.6,
Stanton, Giancarlo,519317,2018,28,27.8,
Galvis, Freddy,520471,2018,28,26.8,
Perez, Salvador,521692,2018,28,25.0,
Inciarte, Ender,542255,2018,27,27.9,
Ozuna, Marcell,542303,2018,27,27.8,
Villar, Jonathan,542340,2018,27,27.7,
Aguilar, Jesus,542583,2018,28,24.6,
Crawford, Brandon,543063,2018,31,25.7,
Cron, C.J.,543068,2018,28,26.3,
Hicks, Aaron,543305,2018,28,28.1,
Hosmer, Eric,543333,2018,28,26.2,
Kipnis, Jason,543401,2018,31,26.9,
Rendon, Anthony,543685,2018,28,27.3,
Semien, Marcus,543760,2018,27,28.3,
Shaw, Travis,543768,2018,28,26.7,
Springer III, George,543807,2018,28,27.7,
Strange-Gordon, Dee,543829,2018,30,29.0,
Gregorius, Didi,544369,2018,28,28.0,
Trout, Mike,545361,2018,26,29.3,
Herrera, Odubel,546318,2018,26,26.6,
Harper, Bryce,547180,2018,25,27.6,
Abreu, Jose,547989,2018,31,26.7,
Suarez, Eugenio,553993,2018,26,26.2,
Polanco, Gregory,570256,2018,26,27.8,
Sanchez, Yolmer,570560,2018,26,28.1,
Arenado, Nolan,571448,2018,27,25.7,
Barnhart, Tucker,571466,2018,27,25.0,
Gennett, Scooter,571697,2018,28,26.4,
Hamilton, Billy,571740,2018,27,30.1,
Haniger, Mitch,571745,2018,27,27.8,
Piscotty, Stephen,572039,2018,27,26.7,
Seager, Kyle,572122,2018,30,25.8,
Carpenter, Matt,572761,2018,32,26.5,
Dickerson, Corey,572816,2018,29,27.9,
Dozier, Brian,572821,2018,31,26.8,
Contreras, Willson,575929,2018,26,27.6,
Castellanos, Nick,592206,2018,26,27.8,
Healy, Ryon,592387,2018,26,26.1,
Machado, Manny,592518,2018,25,26.1,
Realmuto, J.T.,592663,2018,27,28.7,
Rosario, Eddie,592696,2018,26,28.0,
Simmons, Andrelton,592743,2018,28,27.1,
Yelich, Christian,592885,2018,26,28.6,
Merrifield, Whit,593160,2018,29,29.1,
Bogaerts, Xander,593428,2018,25,27.9,
Calhoun, Kole,594777,2018,30,26.1,
Profar, Jurickson,595777,2018,25,27.6,
Baez, Javier,595879,2018,25,28.9,
Lindor, Francisco,596019,2018,24,28.4,
Odor, Rougned,596059,2018,24,28.2,
Story, Trevor,596115,2018,25,29.7,
Kepler, Max,596146,2018,25,27.9,
Bradley Jr., Jackie,598265,2018,28,27.8,
Candelario, Jeimer,600869,2018,24,27.3,
Ahmed, Nick,605113,2018,28,28.2,
Anderson, Brian,605119,2018,25,27.1,
Bell, Josh,605137,2018,25,27.1,
Betts, Mookie,605141,2018,25,28.1,
Smith, Mallex,605480,2018,25,29.9,
Hernandez, Teoscar,606192,2018,25,28.6,
Peraza, Jose,606299,2018,24,28.8,
Marte, Ketel,606466,2018,24,28.7,
Nimmo, Brandon,607043,2018,25,28.5,
Turner, Trea,607208,2018,25,30.1,
Pillar, Kevin,607680,2018,29,27.9,
Ramirez, Jose,608070,2018,25,27.4,
Bregman, Alex,608324,2018,24,27.9,
Gallo, Joey,608336,2018,24,27.7,
Mazara, Nomar,608577,2018,23,26.8,
Andujar, Miguel,609280,2018,23,27.9,
Swanson, Dansby,621020,2018,24,29.5,
Taylor, Chris,621035,2018,27,28.7,
Wendle, Joey,621563,2018,28,28.4,
Olson, Matt,621566,2018,24,25.9,
Duffy, Matt,622110,2018,27,27.8,
Margot, Manuel,622534,2018,23,29.4,
Camargo, Johan,622666,2018,24,26.3,
Conforto, Michael,624424,2018,25,27.8,
Anderson, Tim,641313,2018,25,28.8,
Bellinger, Cody,641355,2018,22,28.9,
Mancini III, Trey,641820,2018,26,27.0,
Rosario, Amed,642708,2018,22,29.5,
Benintendi, Andrew,643217,2018,23,27.7,
Albies, Ozzie,645277,2018,21,28.7,
Chapman, Matt,656305,2018,25,28.4,
Hoskins, Rhys,656555,2018,25,26.3,
Schwarber, Kyle,656941,2018,25,27.1,
Moncada, Yoan,660162,2018,23,28.7,
Pujols, Albert,405395,2019,39,22.5,
Cabrera, Miguel,408234,2019,36,23.5,
Choo, Shin-Soo,425783,2019,36,26.6,
Jones, Adam,430945,2019,33,26.9,
Cruz Jr., Nelson,443558,2019,38,25.3,
Longoria, Evan,446334,2019,33,26.4,
Fowler, Dexter,451594,2019,33,27.7,
Cabrera, Asdrubal,452678,2019,33,25.4,
Blackmon, Charlie,453568,2019,32,26.7,
Cain, Lorenzo,456715,2019,33,27.9,
Turner, Justin,457759,2019,34,26.1,
Votto, Joey,458015,2019,35,25.0,
Gardner, Brett,458731,2019,35,28.9,
Braun, Ryan,460075,2019,35,26.6,
Gordon, Alex,460086,2019,35,25.3,
Andrus, Elvis,462101,2019,30,26.6,
Ramos, Wilson,467092,2019,31,22.8,
Santana, Carlos,467793,2019,33,25.7,
Belt, Brandon,474832,2019,31,24.7,
Brantley Jr., Michael,488726,2019,32,26.4,
Gurriel, Yuli,493329,2019,35,27.6,
Rojas, Miguel,500743,2019,30,26.3,
Escobar, Eduardo,500871,2019,30,27.6,
Davis, Khris,501981,2019,31,25.6,
Pham, Tommy,502054,2019,31,28.7,
Martinez, J.D.,502110,2019,31,26.7,
Reddick, Josh,502210,2019,32,26.7,
Goldschmidt, Paul,502671,2019,31,26.6,
Altuve, Jose,514888,2019,29,28.6,
Hernandez, Cesar,514917,2019,29,28.8,
Segura, Jean,516416,2019,29,27.5,
Castro, Starlin,516770,2019,29,26.9,
Marte, Starling,516782,2019,30,29.0,
Donaldson, Josh,518626,2019,33,25.7,
Freeman, Freddie,518692,2019,29,26.5,
Grandal, Yasmani,518735,2019,30,24.2,
Heyward, Jason,518792,2019,29,27.4,
LeMahieu, DJ,518934,2019,30,26.7,
Moustakas, Mike,519058,2019,30,25.6,
Rizzo, Anthony,519203,2019,29,25.2,
Galvis, Freddy,520471,2019,29,25.8,
Garcia, Avisail,541645,2019,28,28.9,
Ozuna, Marcell,542303,2019,28,27.5,
Villar, Jonathan,542340,2019,28,28.0,
Santana, Danny,542454,2019,28,27.8,
Crawford, Brandon,543063,2019,32,25.7,
Hosmer, Eric,543333,2019,29,25.7,
Kipnis, Jason,543401,2019,32,26.8,
Rendon, Anthony,543685,2019,29,26.7,
Semien, Marcus,543760,2019,28,28.1,
Springer III, George,543807,2019,29,28.5,
Vazquez, Christian,543877,2019,28,25.7,
Wong, Kolten,543939,2019,28,27.7,
Garcia, Leury,544725,2019,28,28.5,
Grichuk, Randal,545341,2019,27,28.1,
Trout, Mike,545361,2019,27,29.3,
Harper, Bryce,547180,2019,26,28.3,
Abreu, Jose,547989,2019,32,26.6,
Suarez, Eugenio,553993,2019,27,25.9,
Santana, Domingo,570267,2019,26,26.8,
Sanchez, Yolmer,570560,2019,27,27.7,
Arenado, Nolan,571448,2019,28,25.9,
Muncy, Max,571970,2019,28,27.7,
Voit III, Luke,572228,2019,28,25.7,
Walker, Christian,572233,2019,28,27.2,
Iglesias, Jose,578428,2019,29,27.1,
Bryant, Kris,592178,2019,27,28.2,
Castellanos, Nick,592206,2019,27,27.9,
Machado, Manny,592518,2019,26,26.3,
Moran, Colin,592567,2019,26,25.4,
Pederson, Joc,592626,2019,27,26.1,
Realmuto, J.T.,592663,2019,28,28.8,
Rosario, Eddie,592696,2019,27,27.1,
Yelich, Christian,592885,2019,27,28.7,
Merrifield, Whit,593160,2019,30,28.6,
Bogaerts, Xander,593428,2019,26,28.0,
Alberto, Hanser,593643,2019,26,26.9,
Polanco, Jorge,593871,2019,25,28.2,
Calhoun, Kole,594777,2019,31,25.9,
Eaton, Adam,594809,2019,30,28.3,
Profar, Jurickson,595777,2019,26,26.7,
Baez, Javier,595879,2019,26,28.7,
Lindor, Francisco,596019,2019,25,27.5,
Odor, Rougned,596059,2019,25,27.9,
Story, Trevor,596115,2019,26,29.3,
Vogelbach, Daniel,596129,2019,26,23.9,
Kepler, Max,596146,2019,26,27.7,
Bradley Jr., Jackie,598265,2019,29,27.6,
Nunez, Renato,600524,2019,25,27.1,
Ahmed, Nick,605113,2019,29,28.2,
Anderson, Brian,605119,2019,26,27.0,
Bell, Josh,605137,2019,26,26.8,
Betts, Mookie,605141,2019,26,27.9,
Smith, Mallex,605480,2019,26,29.5,
Arcia, Orlando,606115,2019,24,26.3,
Marte, Ketel,606466,2019,25,27.9,
Turner, Trea,607208,2019,26,30.4,
Pillar, Kevin,607680,2019,30,28.0,
Ramirez, Jose,608070,2019,26,27.9,
Bregman, Alex,608324,2019,25,27.4,
Seager, Corey,608369,2019,25,26.9,
Reyes, Franmil,614177,2019,23,26.6,
Swanson, Dansby,621020,2019,25,28.7,
Newman, Kevin,621028,2019,25,28.5,
Olson, Matt,621566,2019,25,26.2,
Alonso, Pete,624413,2019,24,26.5,
Conforto, Michael,624424,2019,26,27.5,
Frazier, Adam,624428,2019,27,27.2,
Puig, Yasiel,624577,2019,28,28.2,
Soler, Jorge,624585,2019,27,27.0,
Meadows, Austin,640457,2019,24,28.2,
Anderson, Tim,641313,2019,26,28.7,
Bellinger, Cody,641355,2019,23,28.8,
Dozier, Hunter,641531,2019,27,28.3,
Mancini III, Trey,641820,2019,27,26.7,
McMahon, Ryan,641857,2019,24,26.4,
Rosario, Amed,642708,2019,23,29.2,
Adames, Willy,642715,2019,23,28.3,
Benintendi, Andrew,643217,2019,24,27.1,
McNeil, Jeff,643446,2019,27,27.2,
Albies, Ozzie,645277,2019,22,28.6,
Robles, Victor,645302,2019,22,29.3,
Devers, Rafael,646240,2019,22,27.0,
Jimenez, Eloy,650391,2019,22,27.8,
Torres, Gleyber,650402,2019,22,26.5,
Chapman, Matt,656305,2019,26,28.1,
Hoskins, Rhys,656555,2019,26,25.9,
Schwarber, Kyle,656941,2019,26,27.1,
DeJong, Paul,657557,2019,25,27.7,
Moncada, Yoan,660162,2019,24,27.7,
Acuna Jr., Ronald,660670,2019,21,29.4,
Fletcher, David,664058,2019,25,27.6,
Guerrero Jr., Vladimir,665489,2019,20,26.3,
Soto, Juan,665742,2019,20,27.3,
Reynolds, Bryan,668804,2019,24,28.1,
Cabrera, Miguel,408234,2020,37,23.0,
Cruz Jr., Nelson,443558,2020,39,25.2,
Peralta, David,444482,2020,32,27.0,
Longoria, Evan,446334,2020,34,26.6,
Cabrera, Asdrubal,452678,2020,34,24.8,
Blackmon, Charlie,453568,2020,33,26.8,
Solano, Donovan,456781,2020,32,26.6,
McCutchen, Andrew,457705,2020,33,27.4,
Votto, Joey,458015,2020,36,25.2,
Santana, Carlos,467793,2020,34,25.5,
Brantley Jr., Michael,488726,2020,33,26.2,
Gurriel, Yuli,493329,2020,36,27.2,
Escobar, Eduardo,500871,2020,31,28.0,
Martinez, J.D.,502110,2020,32,25.9,
Reddick, Josh,502210,2020,33,26.2,
Goldschmidt, Paul,502671,2020,32,26.4,
Gonzalez, Marwin,503556,2020,31,25.5,
Altuve, Jose,514888,2020,30,28.4,
Hernandez, Cesar,514917,2020,30,28.5,
Segura, Jean,516416,2020,30,28.3,
Marte, Starling,516782,2020,31,28.4,
Freeman, Freddie,518692,2020,30,26.4,
Grandal, Yasmani,518735,2020,31,23.5,
LeMahieu, DJ,518934,2020,31,26.1,
Rizzo, Anthony,519203,2020,30,24.8,
Flores, Wilmer,527038,2020,28,25.1,
Garcia, Avisail,541645,2020,29,28.0,
Ozuna, Marcell,542303,2020,29,27.1,
Villar, Jonathan,542340,2020,29,27.1,
Aguilar, Jesus,542583,2020,30,24.5,
Crawford, Brandon,543063,2020,33,25.7,
Grossman, Robbie,543257,2020,30,27.5,
Hicks, Aaron,543305,2020,30,27.5,
Rendon, Anthony,543685,2020,30,26.4,
Semien, Marcus,543760,2020,29,28.0,
Springer III, George,543807,2020,30,28.2,
Vazquez, Christian,543877,2020,29,25.0,
Wong, Kolten,543939,2020,29,26.6,
Gregorius, Didi,544369,2020,30,27.1,
Grichuk, Randal,545341,2020,28,27.7,
Trout, Mike,545361,2020,28,28.9,
Ruiz, Rio,547004,2020,26,25.2,
Harper, Bryce,547180,2020,27,27.8,
Abreu, Jose,547989,2020,33,26.8,
Suarez, Eugenio,553993,2020,28,25.9,
Gonzalez, Erik,570481,2020,28,27.3,
Arenado, Nolan,571448,2020,29,24.8,
Muncy, Max,571970,2020,29,27.3,
Myers, Wil,571976,2020,29,28.3,
Pollock, AJ,572041,2020,32,28.2,
Seager, Kyle,572122,2020,32,25.4,
Voit III, Luke,572228,2020,29,24.9,
Walker, Christian,572233,2020,29,26.9,
Dickerson, Corey,572816,2020,31,27.0,
Yastrzemski, Mike,573262,2020,29,27.5,
Contreras, Willson,575929,2020,28,27.3,
Canha, Mark,592192,2020,31,27.6,
Castellanos, Nick,592206,2020,28,27.7,
Machado, Manny,592518,2020,27,26.4,
Moran, Colin,592567,2020,27,24.2,
Realmuto, J.T.,592663,2020,29,28.2,
Rosario, Eddie,592696,2020,28,26.8,
Yelich, Christian,592885,2020,28,28.1,
Merrifield, Whit,593160,2020,31,28.4,
Bogaerts, Xander,593428,2020,27,27.7,
Alberto, Hanser,593643,2020,27,26.8,
Polanco, Jorge,593871,2020,26,27.8,
Sano, Miguel,593934,2020,27,26.5,
Calhoun, Kole,594777,2020,32,25.9,
Duvall, Adam,594807,2020,31,28.0,
Profar, Jurickson,595777,2020,27,27.0,
Baez, Javier,595879,2020,27,27.9,
Lindor, Francisco,596019,2020,26,27.4,
Story, Trevor,596115,2020,27,29.0,
Kepler, Max,596146,2020,27,28.1,
Franco, Maikel,596748,2020,27,24.6,
Bradley Jr., Jackie,598265,2020,30,27.3,
La Stella, Tommy,600303,2020,31,25.4,
Nunez, Renato,600524,2020,26,26.6,
Candelario, Jeimer,600869,2020,26,26.8,
Ahmed, Nick,605113,2020,30,28.1,
Anderson, Brian,605119,2020,27,26.4,
Bell, Josh,605137,2020,27,26.2,
Betts, Mookie,605141,2020,27,28.3,
Davis, J.D.,605204,2020,27,27.2,
Arcia, Orlando,606115,2020,25,26.2,
Tapia, Raimel,606132,2020,26,28.2,
Hernandez, Teoscar,606192,2020,27,28.3,
Marte, Ketel,606466,2020,26,27.7,
Nimmo, Brandon,607043,2020,27,28.0,
Turner, Trea,607208,2020,27,30.0,
Pillar, Kevin,607680,2020,31,27.8,
Ramirez, Jose,608070,2020,27,27.2,
Gallo, Joey,608336,2020,26,27.1,
Seager, Corey,608369,2020,26,27.0,
Mondesi, Adalberto,609275,2020,24,29.4,
Reyes, Franmil,614177,2020,24,26.2,
Swanson, Dansby,621020,2020,26,28.5,
Taylor, Chris,621035,2020,29,28.4,
Correa, Carlos,621043,2020,25,27.2,
Olson, Matt,621566,2020,26,25.9,
Reyes, Victor,622682,2020,25,27.9,
Alonso, Pete,624413,2020,25,26.2,
Biggio, Cavan,624415,2020,25,27.7,
Conforto, Michael,624424,2020,27,26.8,
Frazier, Adam,624428,2020,28,27.1,
Cronenworth, Jake,630105,2020,26,28.7,
Anderson, Tim,641313,2020,27,28.7,
Bellinger, Cody,641355,2020,24,28.6,
Crawford, J.P.,641487,2020,25,26.6,
Dozier, Hunter,641531,2020,28,28.0,
Lewis, Kyle,641786,2020,24,27.9,
McMahon, Ryan,641857,2020,25,25.9,
Smith, Dominic,642086,2020,25,25.9,
Adames, Willy,642715,2020,24,28.2,
Kiner-Falefa, Isiah,643396,2020,25,28.1,
McNeil, Jeff,643446,2020,28,27.0,
Robles, Victor,645302,2020,23,28.0,
Devers, Rafael,646240,2020,23,26.5,
Jimenez, Eloy,650391,2020,23,27.2,
Schwarber, Kyle,656941,2020,27,26.9,
Verdugo, Alex,657077,2020,24,27.5,
White, Evan,657108,2020,24,28.2,
Laureano, Ramon,657656,2020,25,27.9,
Moncada, Yoan,660162,2020,25,27.5,
Acuna Jr., Ronald,660670,2020,22,29.2,
Riley, Austin,663586,2020,23,26.9,
Tucker, Kyle,663656,2020,23,27.6,
Grisham, Trent,663757,2020,23,29.1,
Happ, Ian,664023,2020,25,27.1,
Lowe, Brandon,664040,2020,25,27.4,
Fletcher, David,664058,2020,26,27.3,
Tatis Jr., Fernando,665487,2020,21,29.4,
Guerrero Jr., Vladimir,665489,2020,21,25.3,
Soto, Juan,665742,2020,21,26.1,
Gurriel Jr., Lourdes,666971,2020,26,26.3,
Reynolds, Bryan,668804,2020,25,28.2,
Edman, Tommy,669242,2020,25,28.9,
Solak, Nick,669256,2020,25,28.6,
Hiura, Keston,669374,2020,23,27.0,
Lopez, Nicky,670032,2020,25,27.7,
Robert Jr., Luis,673357,2020,22,29.1,
Cabrera, Miguel,408234,2021,38,23.9,
Cruz Jr., Nelson,443558,2021,40,26.0,
Peralta, David,444482,2021,33,27.6,
Blackmon, Charlie,453568,2021,34,27.7,
McCutchen, Andrew,457705,2021,34,28.7,
Turner, Justin,457759,2021,36,25.5,
Votto, Joey,458015,2021,37,25.2,
Andrus, Elvis,462101,2021,32,26.7,
Santana, Carlos,467793,2021,35,24.9,
Lowrie, Jed,476704,2021,37,25.2,
Brantley Jr., Michael,488726,2021,34,25.7,
Gurriel, Yuli,493329,2021,37,27.0,
Rojas, Miguel,500743,2021,32,26.6,
Escobar, Eduardo,500871,2021,32,27.4,
Pham, Tommy,502054,2021,33,27.8,
Martinez, J.D.,502110,2021,33,26.1,
Goldschmidt, Paul,502671,2021,33,26.2,
Altuve, Jose,514888,2021,31,28.0,
Hernandez, Cesar,514917,2021,31,28.7,
Segura, Jean,516416,2021,31,27.3,
Marte, Starling,516782,2021,32,28.4,
Donaldson, Josh,518626,2021,35,24.5,
Freeman, Freddie,518692,2021,31,27.0,
LeMahieu, DJ,518934,2021,32,26.5,
Rizzo, Anthony,519203,2021,31,25.2,
Stanton, Giancarlo,519317,2021,31,24.7,
Perez, Salvador,521692,2021,31,26.1,
Garcia, Avisail,541645,2021,30,28.6,
Villar, Jonathan,542340,2021,30,27.3,
Aguilar, Jesus,542583,2021,31,24.3,
Crawford, Brandon,543063,2021,34,25.8,
Cron, C.J.,543068,2021,31,25.9,
Grossman, Robbie,543257,2021,31,27.8,
Harrison, Josh,543281,2021,33,26.8,
Hosmer, Eric,543333,2021,31,26.0,
Semien, Marcus,543760,2021,30,28.6,
Grichuk, Randal,545341,2021,29,28.1,
Harper, Bryce,547180,2021,28,27.8,
Abreu, Jose,547989,2021,34,26.5,
Suarez, Eugenio,553993,2021,29,26.7,
Schoop, Jonathan,570731,2021,29,27.0,
Arenado, Nolan,571448,2021,30,25.4,
Farmer, Kyle,571657,2021,30,27.0,
Haniger, Mitch,571745,2021,30,27.2,
Hernandez, Enrique,571771,2021,29,27.4,
Muncy, Max,571970,2021,30,26.7,
Seager, Kyle,572122,2021,33,25.5,
Taylor, Michael A.,572191,2021,30,28.2,
Yastrzemski, Mike,573262,2021,30,27.3,
Iglesias, Jose,578428,2021,31,28.3,
Bryant, Kris,592178,2021,29,27.9,
Canha, Mark,592192,2021,32,27.8,
Castellanos, Nick,592206,2021,29,27.6,
Judge, Aaron,592450,2021,29,27.6,
Machado, Manny,592518,2021,28,26.4,
Realmuto, J.T.,592663,2021,30,28.8,
Renfroe, Hunter,592669,2021,29,27.3,
Merrifield, Whit,593160,2021,32,28.6,
Bogaerts, Xander,593428,2021,28,27.7,
Polanco, Jorge,593871,2021,27,27.9,
Sano, Miguel,593934,2021,28,26.5,
Duvall, Adam,594807,2021,32,28.6,
Baez, Javier,595879,2021,28,28.5,
Lindor, Francisco,596019,2021,27,27.8,
Story, Trevor,596115,2021,28,28.7,
Candelario, Jeimer,600869,2021,27,27.2,
Bell, Josh,605137,2021,28,26.2,
Betts, Mookie,605141,2021,28,27.1,
Tapia, Raimel,606132,2021,27,28.3,
Hernandez, Teoscar,606192,2021,28,28.5,
Turner, Trea,607208,2021,28,30.7,
Ramirez, Jose,608070,2021,28,28.2,
Gallo, Joey,608336,2021,27,27.4,
Swanson, Dansby,621020,2021,27,28.4,
Newman, Kevin,621028,2021,27,28.4,
Taylor, Chris,621035,2021,30,28.8,
Correa, Carlos,621043,2021,26,26.9,
Olson, Matt,621566,2021,27,25.9,
Alonso, Pete,624413,2021,26,26.0,
Frazier, Adam,624428,2021,29,27.1,
Soler, Jorge,624585,2021,29,26.9,
Cronenworth, Jake,630105,2021,27,28.5,
Meadows, Austin,640457,2021,26,27.5,
Anderson, Tim,641313,2021,28,28.0,
Crawford, J.P.,641487,2021,26,27.5,
Dozier, Hunter,641531,2021,29,28.2,
Mancini III, Trey,641820,2021,29,26.6,
McMahon, Ryan,641857,2021,26,26.2,
O'Neill, Tyler,641933,2021,26,29.7,
Rosario, Amed,642708,2021,25,29.5,
Adames, Willy,642715,2021,25,28.0,
Benintendi, Andrew,643217,2021,26,27.6,
Kiner-Falefa, Isiah,643396,2021,26,28.0,
Albies, Ozzie,645277,2021,24,28.4,
Devers, Rafael,646240,2021,24,26.9,
Urias, Luis,649966,2021,24,26.5,
Torres, Gleyber,650402,2021,24,27.0,
Diaz, Yandy,650490,2021,29,26.5,
Chapman, Matt,656305,2021,28,28.1,
Mullins II, Cedric,656775,2021,26,28.5,
Smith, Pavin,656976,2021,25,26.5,
Verdugo, Alex,657077,2021,25,27.0,
Moncada, Yoan,660162,2021,26,27.7,
Ohtani, Shohei,660271,2021,26,28.8,
Riley, Austin,663586,2021,24,27.8,
Mountcastle, Ryan,663624,2021,24,28.1,
Tucker, Kyle,663656,2021,24,27.4,
India, Jonathan,663697,2021,24,28.5,
Grisham, Trent,663757,2021,24,28.8,
Lowe, Nathaniel,663993,2021,25,27.3,
Happ, Ian,664023,2021,26,27.7,
France, Ty,664034,2021,26,25.3,
Lowe, Brandon,664040,2021,26,27.6,
Fletcher, David,664058,2021,27,27.7,
Straw, Myles,664702,2021,26,29.3,
Walsh, Jared,665120,2021,27,27.0,
Tatis Jr., Fernando,665487,2021,22,29.3,
Guerrero Jr., Vladimir,665489,2021,22,26.8,
Soto, Juan,665742,2021,22,27.0,
Chisholm Jr., Jazz,665862,2021,23,29.1,
Bichette, Bo,666182,2021,23,28.0,
Carlson, Dylan,666185,2021,22,28.0,
Garcia, Adolis,666969,2021,28,28.4,
Gurriel Jr., Lourdes,666971,2021,27,26.6,
Arozarena, Randy,668227,2021,26,28.8,
Reynolds, Bryan,668804,2021,26,28.7,
Rojas, Josh,668942,2021,27,27.6,
Edman, Tommy,669242,2021,26,28.9,
Solak, Nick,669256,2021,26,29.0,
Hays, Austin,669720,2021,25,27.4,
Lopez, Nicky,670032,2021,26,28.2,
Alvarez, Yordan,670541,2021,24,26.3,
Cruz Jr., Nelson,443558,2022,41,25.5,
Blackmon, Charlie,453568,2022,35,27.9,
McCutchen, Andrew,457705,2022,35,28.9,
Turner, Justin,457759,2022,37,25.0,
Andrus, Elvis,462101,2022,33,26.0,
Santana, Carlos,467793,2022,36,25.7,
Gurriel, Yuli,493329,2022,38,26.9,
Rojas, Miguel,500743,2022,33,26.4,
Escobar, Eduardo,500871,2022,33,27.9,
Pham, Tommy,502054,2022,34,27.9,
Martinez, J.D.,502110,2022,34,26.1,
Goldschmidt, Paul,502671,2022,34,26.2,
Altuve, Jose,514888,2022,32,28.1,
Hernandez, Cesar,514917,2022,32,28.3,
Marte, Starling,516782,2022,33,28.0,
Donaldson, Josh,518626,2022,36,25.7,
Freeman, Freddie,518692,2022,32,26.9,
LeMahieu, DJ,518934,2022,33,26.4,
Rizzo, Anthony,519203,2022,32,25.5,
Flores, Wilmer,527038,2022,30,25.2,
Ozuna, Marcell,542303,2022,31,26.6,
Aguilar, Jesus,542583,2022,32,23.9,
Cron, C.J.,543068,2022,32,25.2,
Semien, Marcus,543760,2022,31,28.9,
Springer III, George,543807,2022,32,28.3,
Grichuk, Randal,545341,2022,30,28.0,
Abreu, Jose,547989,2022,35,26.0,
Suarez, Eugenio,553993,2022,30,25.7,
Urshela, Gio,570482,2022,30,25.8,
Schoop, Jonathan,570731,2022,30,27.0,
Arenado, Nolan,571448,2022,31,25.5,
Farmer, Kyle,571657,2022,31,26.7,
Muncy, Max,571970,2022,31,27.2,
Pollock, AJ,572041,2022,34,27.8,
Voit III, Luke,572228,2022,31,24.7,
Walker, Christian,572233,2022,31,26.6,
Yastrzemski, Mike,573262,2022,31,27.0,
Canha, Mark,592192,2022,33,27.5,
Castellanos, Nick,592206,2022,30,27.7,
Drury, Brandon,592273,2022,29,27.0,
Judge, Aaron,592450,2022,30,27.3,
Machado, Manny,592518,2022,29,26.3,
Realmuto, J.T.,592663,2022,31,28.7,
Renfroe, Hunter,592669,2022,30,27.1,
Yelich, Christian,592885,2022,30,28.1,
Merrifield, Whit,593160,2022,33,28.7,
Bogaerts, Xander,593428,2022,29,27.9,
Profar, Jurickson,595777,2022,29,26.6,
Baez, Javier,595879,2022,29,27.9,
Lindor, Francisco,596019,2022,28,27.5,
Bell, Josh,605137,2022,29,26.2,
Betts, Mookie,605141,2022,29,27.3,
Hernandez, Teoscar,606192,2022,29,28.6,
Marte, Ketel,606466,2022,28,27.0,
Nimmo, Brandon,607043,2022,29,28.7,
Turner, Trea,607208,2022,29,30.3,
Ramirez, Jose,608070,2022,29,28.5,
Bregman, Alex,608324,2022,28,26.6,
Seager, Corey,608369,2022,28,26.1,
Winker, Jesse,608385,2022,28,25.4,
Swanson, Dansby,621020,2022,28,28.4,
Correa, Carlos,621043,2022,27,27.1,
Ward, Taylor,621493,2022,28,28.4,
Wisdom, Patrick,621550,2022,30,27.8,
Olson, Matt,621566,2022,28,26.3,
Mateo, Jorge,622761,2022,27,30.1,
Santander, Anthony,623993,2022,27,26.5,
Alonso, Pete,624413,2022,27,25.6,
Frazier, Adam,624428,2022,30,26.8,
Cronenworth, Jake,630105,2022,28,28.2,
Bellinger, Cody,641355,2022,26,28.1,
Crawford, J.P.,641487,2022,27,26.8,
Mancini III, Trey,641820,2022,30,25.6,
McMahon, Ryan,641857,2022,27,25.8,
Tellez, Rowdy,642133,2022,27,23.8,
Rosario, Amed,642708,2022,26,29.5,
Adames, Willy,642715,2022,26,27.8,
Estrada, Thairo,642731,2022,26,28.3,
Benintendi, Andrew,643217,2022,27,27.5,
Kemp, Tony,643393,2022,30,26.1,
Kiner-Falefa, Isiah,643396,2022,27,28.4,
McNeil, Jeff,643446,2022,30,27.4,
Devers, Rafael,646240,2022,25,25.5,
Arraez, Luis,650333,2022,25,26.8,
Torres, Gleyber,650402,2022,25,26.9,
Diaz, Yandy,650490,2022,30,27.1,
Rengifo, Luis,650859,2022,25,27.9,
Chapman, Matt,656305,2022,29,28.4,
Hoskins, Rhys,656555,2022,29,25.9,
Mullins II, Cedric,656775,2022,27,28.5,
Schwarber, Kyle,656941,2022,29,26.4,
Thomas, Lane,657041,2022,26,29.4,
Verdugo, Alex,657077,2022,26,26.8,
Ohtani, Shohei,660271,2022,27,28.3,
Acuna Jr., Ronald,660670,2022,24,28.5,
Varsho, Daulton,662139,2022,25,28.0,
Hoerner, Nico,663538,2022,25,29.1,
Riley, Austin,663586,2022,25,27.8,
Mountcastle, Ryan,663624,2022,25,27.5,
Hayes, Ke'Bryan,663647,2022,25,27.9,
Tucker, Kyle,663656,2022,25,26.6,
Grisham, Trent,663757,2022,25,28.8,
Rodgers, Brendan,663898,2022,25,26.7,
Lowe, Nathaniel,663993,2022,26,27.1,
Happ, Ian,664023,2022,27,27.9,
France, Ty,664034,2022,27,24.7,
Straw, Myles,664702,2022,27,29.3,
Bohm, Alec,664761,2022,25,27.1,
Brown, Seth,664913,2022,29,27.9,
Pena, Jeremy,665161,2022,24,29.4,
Guerrero Jr., Vladimir,665489,2022,23,26.6,
Soto, Juan,665742,2022,23,26.6,
Gimenez, Andres,665926,2022,23,29.3,
Bichette, Bo,666182,2022,24,27.5,
Garcia, Adolis,666969,2022,29,27.9,
Arozarena, Randy,668227,2022,27,28.8,
Reynolds, Bryan,668804,2022,27,28.2,
Rojas, Josh,668942,2022,28,27.3,
Melendez Jr., MJ,669004,2022,23,27.8,
Murphy, Sean,669221,2022,27,26.1,
Edman, Tommy,669242,2022,27,28.8,
Smith, Will,669257,2022,27,27.5,
Hays, Austin,669720,2022,26,27.8,
Alvarez, Yordan,670541,2022,25,26.5,
Kirk, Alejandro,672386,2022,23,24.1,
Kim, Ha-Seong,673490,2022,26,28.4,
Rodriguez, Julio,677594,2022,21,29.8,
Witt Jr., Bobby,677951,2022,22,30.4,
Kwan, Steven,680757,2022,24,28.4,
Vaughn, Andrew,683734,2022,24,26.2,
McCutchen, Andrew,457705,2023,36,28.4,
Turner, Justin,457759,2023,38,25.3,
Santana, Carlos,467793,2023,37,25.6,
Martinez, J.D.,502110,2023,35,26.1,
Goldschmidt, Paul,502671,2023,35,26.6,
Marte, Starling,516782,2023,34,27.0,
Freeman, Freddie,518692,2023,33,26.4,
LeMahieu, DJ,518934,2023,34,25.8,
Rizzo, Anthony,519203,2023,33,24.3,
Perez, Salvador,521692,2023,33,24.8,
Ozuna, Marcell,542303,2023,32,26.4,
Grossman, Robbie,543257,2023,33,27.7,
Semien, Marcus,543760,2023,32,28.6,
Springer III, George,543807,2023,33,27.7,
Trout, Mike,545361,2023,31,29.4,
Abreu, Jose,547989,2023,36,25.4,
Diaz, Elias,553869,2023,32,25.2,
Suarez, Eugenio,553993,2023,31,26.1,
Arenado, Nolan,571448,2023,32,24.9,
Hernandez, Enrique,571771,2023,31,26.8,
Muncy, Max,571970,2023,32,26.7,
Walker, Christian,572233,2023,32,26.1,
Contreras, Willson,575929,2023,31,26.8,
Castellanos, Nick,592206,2023,31,27.0,
Drury, Brandon,592273,2023,30,27.1,
Machado, Manny,592518,2023,30,26.2,
Realmuto, J.T.,592663,2023,32,28.6,
Renfroe, Hunter,592669,2023,31,26.9,
Rosario, Eddie,592696,2023,31,27.7,
Yelich, Christian,592885,2023,31,28.1,
Merrifield, Whit,593160,2023,34,28.8,
Bogaerts, Xander,593428,2023,30,27.7,
Profar, Jurickson,595777,2023,30,25.9,
Baez, Javier,595879,2023,30,28.1,
Lindor, Francisco,596019,2023,29,28.0,
Candelario, Jeimer,600869,2023,29,27.4,
Anderson, Brian,605119,2023,30,26.3,
Bell, Josh,605137,2023,30,25.4,
Betts, Mookie,605141,2023,30,26.9,
Davis, J.D.,605204,2023,30,25.9,
Hernandez, Teoscar,606192,2023,30,28.3,
Marte, Ketel,606466,2023,29,27.2,
Nimmo, Brandon,607043,2023,30,28.2,
Peterson, Jace,607054,2023,33,27.8,
Turner, Trea,607208,2023,30,30.3,
Ramirez, Jose,608070,2023,30,27.9,
Bregman, Alex,608324,2023,29,25.7,
Meneses, Joey,608841,2023,31,25.5,
Swanson, Dansby,621020,2023,29,28.3,
Correa, Carlos,621043,2023,28,26.9,
Buxton, Byron,621439,2023,29,29.4,
Ward, Taylor,621493,2023,29,28.0,
Olson, Matt,621566,2023,29,26.3,
Santander, Anthony,623993,2023,28,26.5,
Alonso, Pete,624413,2023,28,25.8,
Conforto, Michael,624424,2023,30,26.2,
Frazier, Adam,624428,2023,31,26.2,
Soler, Jorge,624585,2023,31,26.5,
Cronenworth, Jake,630105,2023,29,28.4,
Crawford, J.P.,641487,2023,28,26.7,
Heim, Jonah,641680,2023,28,25.8,
McMahon, Ryan,641857,2023,28,26.0,
Smith, Dominic,642086,2023,28,25.6,
Tellez, Rowdy,642133,2023,28,23.4,
Rosario, Amed,642708,2023,27,29.4,
Adames, Willy,642715,2023,27,27.3,
Estrada, Thairo,642731,2023,27,28.2,
Benintendi, Andrew,643217,2023,28,27.3,
Dubon, Mauricio,643289,2023,28,28.1,
McNeil, Jeff,643446,2023,31,27.0,
Albies, Ozzie,645277,2023,26,27.7,
Devers, Rafael,646240,2023,26,25.3,
Naylor, Josh,647304,2023,26,26.0,
Arraez, Luis,650333,2023,26,26.3,
Torres, Gleyber,650402,2023,26,26.6,
Diaz, Yandy,650490,2023,31,26.7,
De La Cruz, Bryan,650559,2023,26,27.5,
Chapman, Matt,656305,2023,30,28.5,
Joe, Connor,656582,2023,30,27.1,
Schwarber, Kyle,656941,2023,30,24.7,
Thomas, Lane,657041,2023,27,29.2,
Verdugo, Alex,657077,2023,27,27.4,
Ohtani, Shohei,660271,2023,28,27.7,
Acuna Jr., Ronald,660670,2023,25,27.9,
Ruiz, Keibert,660688,2023,24,24.9,
Contreras, William,661388,2023,25,26.2,
Varsho, Daulton,662139,2023,26,28.1,
Hoerner, Nico,663538,2023,26,28.5,
Riley, Austin,663586,2023,26,27.9,
Mountcastle, Ryan,663624,2023,26,28.1,
Hayes, Ke'Bryan,663647,2023,26,27.0,
Tucker, Kyle,663656,2023,26,26.3,
India, Jonathan,663697,2023,26,27.7,
Raleigh, Cal,663728,2023,26,27.1,
Grisham, Trent,663757,2023,26,27.7,
Stephenson, Tyler,663886,2023,26,26.8,
Lowe, Nathaniel,663993,2023,27,27.3,
Happ, Ian,664023,2023,28,27.5,
France, Ty,664034,2023,28,24.9,
Straw, Myles,664702,2023,28,29.2,
Bohm, Alec,664761,2023,26,27.0,
Wade Jr., LaMonte,664774,2023,29,26.2,
Pena, Jeremy,665161,2023,25,29.5,
Tatis Jr., Fernando,665487,2023,24,29.4,
Guerrero Jr., Vladimir,665489,2023,24,26.4,
Soto, Juan,665742,2023,24,26.9,
Taveras, Leody,665750,2023,24,29.3,
Ruiz, Esteury,665923,2023,24,29.8,
Gimenez, Andres,665926,2023,24,29.4,
Bichette, Bo,666182,2023,25,27.0,
Garcia, Adolis,666969,2023,30,27.0,
Gurriel Jr., Lourdes,666971,2023,29,26.9,
Rooker Jr., Brent,667670,2023,28,26.8,
Arozarena, Randy,668227,2023,28,28.3,
Steer, Spencer,668715,2023,25,28.3,
Reynolds, Bryan,668804,2023,28,27.7,
Rutschman, Adley,668939,2023,25,26.8,
Melendez Jr., MJ,669004,2023,24,27.5,
Marsh, Brandon,669016,2023,25,28.6,
Langeliers, Shea,669127,2023,25,28.6,
Edman, Tommy,669242,2023,28,28.8,
Smith, Will,669257,2023,28,26.8,
Suwinski, Jack,669261,2023,24,28.6,
Gorman, Nolan,669357,2023,23,26.5,
Hays, Austin,669720,2023,27,27.6,
Call, Alex,669743,2023,28,28.8,
Paredes, Isaac,670623,2023,24,25.6,
Casas, Triston,671213,2023,23,24.6,
Garcia, Luis,671277,2023,23,27.1,
Kelenic, Jarred,672284,2023,23,27.9,
Robert Jr., Luis,673357,2023,25,28.4,
Kim, Ha-Seong,673490,2023,27,28.5,
Suzuki, Seiya,673548,2023,28,28.4,
Jung, Josh,673962,2023,25,26.8,
Noda, Ryan,676116,2023,27,27.3,
Franco, Wander,677551,2023,22,27.5,
Rodriguez, Julio,677594,2023,22,29.6,
Witt Jr., Bobby,677951,2023,23,30.4,
Vargas, Miguel,678246,2023,23,27.8,
Tovar, Ezequiel,678662,2023,21,28.0,
Torkelson, Spencer,679529,2023,23,27.5,
Kwan, Steven,680757,2023,25,28.0,
Donovan, Brendan,680977,2023,26,27.1,
Stott, Bryson,681082,2023,25,28.3,
Outman, James,681546,2023,26,28.8,
Abrams, CJ,682928,2023,22,28.5,
Carroll, Corbin,682998,2023,22,30.1,
Henderson, Gunnar,683002,2023,22,28.5,
Volpe, Anthony,683011,2023,22,28.5,
Vaughn, Andrew,683734,2023,25,25.2,
Pasquantino, Vinnie,686469,2023,25,25.8,
Wiemer Jr., Joey,686894,2023,24,28.9,
Yoshida, Masataka,807799,2023,29,26.3,